FileName,1,2,3,label
1.jpg,10.17875099,-4.22282362,-4.558401108,1
2.jpg,8.0555439,-4.166500092,-2.611719847,1
3.jpg,11.33412933,-4.97521162,-4.448187828,1
4.jpg,9.837398529,-4.606852531,-4.581016064,1
5.jpg,10.86418915,-4.335991383,-5.870933533,1
6.jpg,9.301183701,-4.994968414,-3.781176567,1
7.jpg,9.464822769,-3.665533781,-4.422072411,1
8.jpg,8.69658947,-3.960464478,-4.18332386,1
9.jpg,8.208482742,-3.86354661,-3.577815056,1
10.jpg,12.11484241,-4.714260101,-5.387545586,1
11.jpg,9.761766434,-4.320456505,-4.828548431,1
12.jpg,8.885210991,-4.174747467,-4.058701992,1
13.jpg,8.921299934,-4.817403793,-2.78057003,1
14.jpg,10.82731247,-6.219688416,-3.283588171,1
15.jpg,11.3587513,-7.495795727,-2.94201231,1
16.jpg,11.11179161,-4.848618507,-4.36411047,1
17.jpg,9.992055893,-3.563716888,-4.617269993,1
18.jpg,10.47696877,-5.575927734,-3.422187805,1
19.jpg,11.87731743,-4.494339466,-5.395546913,1
20.jpg,10.83557701,-5.2678895,-4.852181435,1
21.jpg,8.32091713,-5.293804169,-1.97382009,1
22.jpg,10.37380028,-6.517217636,-3.022563457,1
23.jpg,9.335584641,-5.387360573,-2.496567249,1
24.jpg,9.590380669,-5.240190506,-2.775366783,1
25.jpg,10.9486618,-6.475944519,-3.160742283,1
26.jpg,10.62513351,-4.876993656,-4.461761475,1
27.jpg,9.246912956,-3.409279346,-4.4634552,1
28.jpg,8.557781219,-4.314930916,-3.166047812,1
29.jpg,9.517292023,-4.582771778,-4.156387806,1
30.jpg,9.188429832,-6.371482372,-2.210574389,1
31.jpg,8.58225441,-3.972612381,-4.236976147,1
32.jpg,9.891288757,-5.357843876,-3.1269238,1
33.jpg,8.989983559,-4.09863472,-4.282530308,1
34.jpg,11.84247017,-6.346013069,-4.684768677,1
35.jpg,9.68932724,-4.764521599,-3.458590031,1
36.jpg,9.933521271,-4.417443752,-5.150073051,1
37.jpg,9.429131508,-4.741869926,-3.540635586,1
38.jpg,10.21696281,-3.693658113,-4.816249847,1
39.jpg,8.874017715,-4.005931854,-3.449728966,1
40.jpg,9.078217506,-5.523802757,-2.456919909,1
41.jpg,10.17407608,-5.051102638,-3.528940201,1
42.jpg,9.646234512,-4.859312057,-3.99657774,1
43.jpg,8.641103745,-2.852104664,-4.597522736,1
44.jpg,8.713003159,-3.981609344,-3.851740122,1
45.jpg,8.457210541,-4.140934467,-3.530118465,1
46.jpg,8.262532234,-3.534814835,-3.611832142,1
47.jpg,9.216402054,-4.860851288,-2.81256938,1
48.jpg,9.421881676,-4.300806999,-3.980718613,1
49.jpg,8.379433632,-4.60654974,-3.066791296,1
50.jpg,10.60023403,-4.852405071,-4.984546661,1
51.jpg,7.848750591,-3.403977871,-2.893959999,1
52.jpg,8.886933327,-4.760196686,-3.453641176,1
53.jpg,9.88010025,-4.864598751,-4.379529953,1
54.jpg,9.616003036,-3.704536438,-4.19954586,1
55.jpg,9.035942078,-5.599871635,-2.283990383,1
56.jpg,8.716460228,-4.627222061,-3.225237608,1
57.jpg,12.49507236,-5.376170158,-5.112034798,1
58.jpg,10.43488407,-5.142740726,-4.502728939,1
59.jpg,8.167913437,-4.346003532,-2.954582453,1
60.jpg,11.20555305,-6.760443687,-3.128489971,1
61.jpg,11.04926491,-4.796930313,-5.097332478,1
62.jpg,11.12681293,-4.809762001,-5.164319992,1
63.jpg,12.1196785,-6.75229454,-3.672053337,1
64.jpg,8.868139267,-4.465537548,-3.749899864,1
65.jpg,10.40858841,-4.927395344,-4.78426218,1
66.jpg,9.10826683,-4.672539234,-3.539160728,1
67.jpg,9.649265289,-4.296103477,-4.417478561,1
68.jpg,9.968269348,-4.964680195,-4.352405548,1
69.jpg,10.80460358,-5.407898426,-3.673293591,1
70.jpg,9.841281891,-4.940862656,-3.997571468,1
71.jpg,8.734178543,-4.748450279,-3.004216909,1
72.jpg,10.20516586,-5.005962849,-4.435905933,1
73.jpg,11.44639015,-8.565016747,-1.566617131,1
74.jpg,8.491528511,-3.882334471,-3.123755455,1
75.jpg,10.71048927,-5.13280201,-4.657334328,1
76.jpg,9.627439499,-6.145606518,-2.896360397,1
77.jpg,10.22641563,-3.851110458,-4.554670334,1
78.jpg,8.918160439,-5.238237381,-2.329023838,1
79.jpg,8.371393204,-3.789429188,-3.646906137,1
80.jpg,9.897912979,-5.339205742,-2.982187033,1
81.jpg,10.23190022,-4.850980759,-4.693980217,1
82.jpg,9.847520828,-3.742161751,-4.434778214,1
83.jpg,8.771882057,-4.022644043,-4.061831951,1
84.jpg,9.488507271,-4.444431782,-4.167297363,1
85.jpg,8.640999794,-4.413064003,-3.746820927,1
86.jpg,9.837339401,-4.968809128,-3.979716301,1
87.jpg,10.92569447,-5.662118912,-3.669732571,1
88.jpg,8.196713448,-4.787394524,-2.849455357,1
89.jpg,9.874217987,-4.734673023,-4.380591393,1
90.jpg,11.20570374,-5.882504463,-4.67868948,1
91.jpg,9.581204414,-5.036782742,-3.130343914,1
92.jpg,9.724057198,-3.367890835,-5.409410954,1
93.jpg,9.428750992,-4.451129913,-4.192904472,1
94.jpg,9.05619812,-3.151263475,-4.695568085,1
95.jpg,10.66292381,-4.200933456,-4.649747849,1
96.jpg,9.476821899,-5.337192535,-2.575110435,1
97.jpg,10.29811287,-5.67205143,-3.875372887,1
98.jpg,9.597522736,-5.259900093,-3.701631784,1
99.jpg,8.77596283,-3.744925022,-4.088148594,1
100.jpg,8.571356773,-4.349379539,-3.644470215,1
101.jpg,8.406721115,-3.912933826,-3.408516884,1
102.jpg,13.77142715,-6.672859192,-5.993556023,1
103.jpg,12.53824806,-6.381999969,-5.564030647,1
104.jpg,10.26648712,-5.628430367,-3.887823105,1
105.jpg,8.127664566,-3.959821939,-3.542643785,1
106.jpg,12.94802094,-6.115269661,-5.733599186,1
107.jpg,8.707006454,-4.126486301,-3.781789064,1
108.jpg,8.092448235,-4.357572556,-2.993698597,1
109.jpg,12.1829071,-5.492476463,-5.872339249,1
110.jpg,8.961274147,-4.388729095,-3.539249659,1
111.jpg,8.564126968,-3.963533401,-3.735009193,1
112.jpg,11.70915985,-5.218408108,-4.771735668,1
113.jpg,11.09304428,-5.237721443,-3.902155638,1
114.jpg,10.99990463,-6.155359268,-4.071071148,1
115.jpg,11.45131207,-4.931592941,-4.786094189,1
116.jpg,10.66988945,-5.267273426,-3.987719536,1
117.jpg,9.738139153,-4.553039074,-4.425765991,1
118.jpg,10.21866035,-6.984678268,-2.660452366,1
119.jpg,9.255806923,-4.262838364,-4.200858116,1
120.jpg,9.448989868,-3.494280338,-5.088477135,1
121.jpg,11.16517639,-6.448651791,-3.810447216,1
122.jpg,10.70857906,-7.205793858,-2.388557434,1
123.jpg,10.92090988,-4.599699497,-4.734706879,1
124.jpg,8.789503098,-3.94842577,-3.933537483,1
125.jpg,10.50207996,-4.916275501,-4.813325882,1
126.jpg,10.57980442,-6.404085636,-3.342901468,1
127.jpg,9.378356934,-4.100617409,-4.264746189,1
128.jpg,9.25579071,-4.344802856,-4.075894356,1
129.jpg,8.231113434,-3.703597069,-3.736947536,1
130.jpg,8.875384331,-4.76850605,-3.199962139,1
131.jpg,7.516633034,-3.723296881,-3.12277174,1
132.jpg,9.184707642,-4.352435589,-3.404133558,1
133.jpg,9.604662895,-4.070988655,-4.4503088,1
134.jpg,11.66402817,-6.082850456,-4.068840027,1
135.jpg,8.888817787,-3.992055893,-3.895152092,1
136.jpg,11.18412018,-4.604856014,-4.872795105,1
137.jpg,13.19203949,-7.022423267,-4.723587036,1
138.jpg,11.17178059,-5.540353298,-4.701403618,1
139.jpg,9.332436562,-4.718639374,-3.768173218,1
140.jpg,9.522953033,-5.39261961,-3.483920813,1
141.jpg,15.19141293,-9.161522865,-4.569950104,1
142.jpg,11.69997787,-6.064373016,-4.667886734,1
143.jpg,8.547851563,-4.032533169,-3.709158897,1
144.jpg,10.482831,-4.902694225,-4.111142159,1
145.jpg,9.155548096,-3.91505599,-4.487138271,1
146.jpg,9.683885574,-5.014939308,-3.607392311,1
147.jpg,10.11063385,-4.73793745,-3.968682051,1
148.jpg,9.16166687,-4.930351257,-2.776737928,1
149.jpg,10.50549126,-5.034039974,-4.82673645,1
150.jpg,8.017683983,-2.661736488,-4.276404381,1
151.jpg,8.811292648,-3.208992481,-4.459240437,1
152.jpg,8.468715668,-3.421795845,-4.283196926,1
153.jpg,8.969577789,-5.003489017,-2.616907835,1
154.jpg,8.250198364,-3.647870302,-3.635409355,1
155.jpg,9.75935173,-4.640708923,-3.69260025,1
156.jpg,10.02852249,-4.078767776,-4.920036316,1
157.jpg,10.15524006,-6.442655087,-2.844079733,1
158.jpg,9.599944115,-5.582794189,-3.222800255,1
159.jpg,9.752874374,-4.36112833,-3.948405981,1
160.jpg,9.078906059,-4.21095562,-3.475696087,1
161.jpg,10.70311356,-5.066579342,-4.86325264,1
162.jpg,10.93945599,-5.476931095,-4.614019394,1
163.jpg,10.25205421,-5.311366081,-4.089351654,1
164.jpg,9.165466309,-4.676027298,-3.67173624,1
165.jpg,9.785017014,-5.59980011,-2.414887667,1
166.jpg,9.72555542,-4.312166691,-4.476684093,1
167.jpg,9.419574738,-3.937040329,-4.621564865,1
168.jpg,11.24737835,-6.068883896,-4.20900631,1
169.jpg,11.60102081,-3.297249794,-6.098174095,1
170.jpg,11.05564022,-5.147241592,-5.145738602,1
171.jpg,11.46397591,-5.976764679,-3.675528288,1
172.jpg,10.42065048,-6.823869705,-2.069652796,1
173.jpg,8.654371262,-3.840292454,-3.837364197,1
174.jpg,8.532911301,-3.842193127,-3.939419746,1
175.jpg,9.176575661,-3.431072712,-4.830476761,1
176.jpg,9.755369186,-6.815825939,-2.257232189,1
177.jpg,9.934986115,-2.74972415,-5.311957359,1
178.jpg,10.31337547,-5.062716961,-4.02803278,1
179.jpg,9.375365257,-6.663964272,-1.853363872,1
180.jpg,8.80476284,-4.237248421,-3.620178223,1
181.jpg,11.06419754,-6.523893833,-3.502756596,1
182.jpg,12.24404049,-5.155762672,-5.086224556,1
183.jpg,10.38741875,-4.90103054,-4.281974792,1
184.jpg,8.79843998,-4.974565983,-3.064323664,1
185.jpg,9.452342987,-3.841620207,-4.585582733,1
186.jpg,8.694624901,-4.500145435,-3.494952917,1
187.jpg,8.361972809,-3.332094193,-4.458474636,1
188.jpg,8.855421066,-5.338091373,-2.997287273,1
189.jpg,8.760008812,-3.544791698,-4.548927307,1
190.jpg,10.12168884,-5.303043842,-3.969648838,1
191.jpg,11.0380764,-4.764633179,-5.264037132,1
192.jpg,9.428836823,-3.216672897,-5.015414715,1
193.jpg,9.665168762,-4.878911018,-3.775616646,1
194.jpg,8.985610962,-4.005775452,-3.893761635,1
195.jpg,9.279430389,-4.145100594,-4.116370201,1
196.jpg,8.784450531,-5.617948532,-2.854258299,1
197.jpg,9.304336548,-3.351101875,-5.020905018,1
198.jpg,11.79744339,-6.56896019,-3.547199011,1
199.jpg,8.494244576,-4.295460701,-3.495910168,1
200.jpg,14.70399094,-6.031523705,-7.338157654,1
201.jpg,11.9546051,-6.192913055,-5.046720028,1
202.jpg,9.96780014,-3.613999367,-5.401728153,1
203.jpg,10.07742023,-4.165198326,-5.064334869,1
204.jpg,9.401371002,-6.725168705,-2.167345524,1
205.jpg,8.650619507,-2.972595692,-4.74751091,1
206.jpg,8.511798859,-4.55835247,-2.7019732,1
207.jpg,10.74080276,-4.394051552,-4.561198711,1
208.jpg,8.856243134,-4.231856346,-3.816243172,1
209.jpg,8.995345116,-5.547497749,-2.119410753,1
210.jpg,9.868754387,-4.579956532,-3.965672493,1
211.jpg,11.75456619,-5.815981865,-4.523775578,1
212.jpg,9.000614166,-3.979380608,-4.156107903,1
213.jpg,9.072216034,-4.917917252,-3.510039806,1
214.jpg,9.824697495,-4.289426804,-4.75688839,1
215.jpg,10.52579212,-5.752997398,-4.071499825,1
216.jpg,12.65376091,-5.652513504,-5.061421394,1
217.jpg,10.35184574,-5.361522675,-3.315084457,1
218.jpg,9.901389122,-4.994157314,-4.086851597,1
219.jpg,8.987377167,-3.529289722,-4.469856262,1
220.jpg,8.919158936,-4.462202072,-3.565532207,1
221.jpg,8.869710922,-3.920075655,-4.043318748,1
222.jpg,7.849639416,-3.917004585,-3.231853247,1
223.jpg,9.011925697,-4.268097878,-3.257415056,1
224.jpg,9.936439514,-4.67164135,-4.065621853,1
225.jpg,9.670654297,-3.81900239,-4.563883781,1
226.jpg,12.25193596,-5.742398262,-5.307696819,1
227.jpg,10.22471333,-6.453071594,-2.797791958,1
228.jpg,9.753221512,-4.316280842,-4.820791245,1
229.jpg,9.636116982,-5.017252445,-3.746590137,1
230.jpg,8.64893055,-2.62860465,-4.631557941,1
231.jpg,9.725244522,-4.925728798,-3.484688759,1
232.jpg,10.5100193,-4.759160519,-4.439997673,1
233.jpg,9.661133766,-4.572272301,-4.254636765,1
234.jpg,10.3446579,-5.428667068,-3.581191063,1
235.jpg,11.27088165,-4.697146416,-5.657806396,1
236.jpg,10.48056412,-5.245094299,-4.359021187,1
237.jpg,9.305445671,-3.566185713,-4.695101738,1
238.jpg,11.10338688,-4.63793087,-5.549908161,1
239.jpg,9.180704117,-4.64173317,-3.769813061,1
240.jpg,9.717095375,-4.603203297,-4.574473858,1
241.jpg,8.242429733,-5.162535667,-1.912562609,1
242.jpg,8.51842308,-4.560353279,-3.139764309,1
243.jpg,9.057701111,-4.557628632,-3.468810558,1
244.jpg,9.784046173,-5.512057304,-3.195533752,1
245.jpg,10.7854557,-4.76066494,-4.290833473,1
246.jpg,9.1108284,-4.321106911,-3.858831406,1
247.jpg,8.259285927,-2.669670343,-4.483941078,1
248.jpg,9.935159683,-4.482761383,-4.001504898,1
249.jpg,10.37803459,-6.404147148,-2.43564558,1
250.jpg,10.5074482,-4.901670933,-4.65612793,1
251.jpg,9.819612503,-4.707490921,-4.288626671,1
252.jpg,10.71076393,-5.445973873,-4.368946552,1
253.jpg,9.144050598,-3.97018671,-4.414843559,1
254.jpg,9.637138367,-3.833263874,-4.856656075,1
255.jpg,10.25428009,-7.121489048,-1.774505019,1
256.jpg,10.10938263,-4.216412067,-4.456312656,1
257.jpg,9.312709808,-5.55858326,-2.778637648,1
258.jpg,10.06624603,-5.351667404,-3.843076229,1
259.jpg,9.956542015,-6.561487198,-2.711894035,1
260.jpg,10.68793106,-7.273536205,-1.892869949,1
261.jpg,8.359405518,-4.229427338,-3.391520739,1
262.jpg,12.31348705,-5.343342304,-5.045254707,1
263.jpg,11.05073738,-5.451170921,-4.677507401,1
264.jpg,8.994361877,-5.037953377,-2.998697042,1
265.jpg,11.1211338,-5.952693939,-4.064222336,1
266.jpg,8.620510101,-4.937784195,-3.057571411,1
267.jpg,10.42014313,-5.306101799,-3.547723293,1
268.jpg,11.52301979,-5.958839893,-4.602687836,1
269.jpg,10.80508614,-4.667096138,-5.425235271,1
270.jpg,10.63010406,-5.401395798,-4.397491455,1
271.jpg,12.88296413,-6.347471237,-5.451339722,1
272.jpg,10.89164543,-5.493349075,-3.726451635,1
273.jpg,9.084664345,-5.322294712,-3.124945879,1
274.jpg,9.558597565,-4.216043472,-4.414677143,1
275.jpg,8.698694229,-4.406232834,-3.364563704,1
276.jpg,8.208705902,-5.193914413,-2.598556042,1
277.jpg,8.521896362,-4.3596735,-2.658058167,1
278.jpg,9.124648094,-6.459033966,-2.031401157,1
279.jpg,9.350375175,-5.023988247,-3.251391649,1
280.jpg,9.447045326,-6.123910904,-1.99783504,1
281.jpg,11.08505821,-8.149002075,-2.188754082,1
282.jpg,10.978405,-5.813456535,-4.521146774,1
283.jpg,9.402597427,-5.159790993,-3.183101654,1
284.jpg,10.32843018,-5.013342857,-4.037945747,1
285.jpg,10.8635006,-6.880448818,-2.904042721,1
286.jpg,8.311892509,-4.971278191,-2.508837938,1
287.jpg,9.447091103,-4.418657303,-3.490666866,1
288.jpg,8.476121902,-3.164638042,-4.431374073,1
289.jpg,9.264469147,-4.10430336,-4.462596893,1
290.jpg,15.84699249,-9.409686089,-5.365581989,1
291.jpg,9.08022213,-5.154611588,-3.338842869,1
292.jpg,10.17159367,-4.892785072,-4.442205429,1
293.jpg,11.94141769,-7.352485657,-3.866360188,1
294.jpg,10.3034668,-5.446005821,-3.330668211,1
295.jpg,9.359343529,-5.231657982,-3.252778053,1
296.jpg,9.311950684,-4.808279991,-3.641868591,1
297.jpg,9.37262249,-5.076611519,-3.515534878,1
298.jpg,8.430221558,-4.155459404,-3.408342838,1
299.jpg,10.02193069,-5.025075912,-4.327809334,1
300.jpg,9.499481201,-2.768309116,-5.066853046,1
301.jpg,8.220631599,-3.675231934,-3.847307205,1
302.jpg,8.005556107,-3.74860692,-3.418153286,1
303.jpg,9.894569397,-5.164540291,-3.808485508,1
304.jpg,11.75359821,-6.205169678,-3.715838671,1
305.jpg,9.076288223,-5.020868301,-3.066069603,1
306.jpg,9.211671829,-5.01517868,-3.267808914,1
307.jpg,8.677912712,-3.07694149,-4.709798336,1
308.jpg,9.28129673,-4.743656158,-3.75547576,1
309.jpg,-2.978526115,-6.211904049,9.221241951,3
310.jpg,-3.30587554,-4.628466606,8.622690201,3
311.jpg,-4.471924782,-6.47274828,12.60242176,3
312.jpg,-3.142138958,-5.170601845,9.607165337,3
313.jpg,-4.41163826,-3.15159893,8.645047188,3
314.jpg,-4.146207333,-4.210899353,9.17292881,3
315.jpg,-4.218706131,-5.281535625,10.16589832,3
316.jpg,-3.339380264,-4.716687202,8.892474174,3
317.jpg,-3.385597229,-5.913720608,10.7925005,3
318.jpg,-5.401194096,-4.756099701,10.72318554,3
319.jpg,-4.587946892,-2.854952574,7.996469498,3
320.jpg,-3.881373882,-5.727885246,10.16187286,3
321.jpg,-4.070179462,-4.10003376,9.224331856,3
322.jpg,-2.74911356,-6.40290451,9.953123093,3
323.jpg,-4.454240322,-2.669230938,7.661870003,3
324.jpg,-4.71762991,-3.860289097,9.117560387,3
325.jpg,-4.130325794,-5.750766754,11.4543438,3
326.jpg,-4.227534771,-7.056239128,12.01988792,3
327.jpg,-6.835994244,-7.757901192,15.41554165,3
328.jpg,-3.780378103,-4.868081093,9.591786385,3
329.jpg,-5.320272923,-4.768109322,10.66004372,3
330.jpg,-5.238514423,-4.927834511,10.73453045,3
331.jpg,-3.413970709,-7.081746101,11.39492512,3
332.jpg,-5.614189148,-3.607512712,10.18597698,3
333.jpg,-3.191540956,-4.017368793,8.699968338,3
334.jpg,-5.764970779,-4.254631996,10.81775951,3
335.jpg,-3.848048687,-2.90986371,7.653862953,3
336.jpg,-4.648444176,-3.204480886,8.930652618,3
337.jpg,-5.936165333,-3.831616402,10.74505043,3
338.jpg,-4.167534351,-5.329709053,10.15672112,3
339.jpg,-5.189287663,-4.640703678,10.62377167,3
340.jpg,-2.604406595,-8.20093441,11.52122498,3
341.jpg,-2.54979372,-5.65054369,9.679132462,3
342.jpg,-2.586401701,-6.057781219,9.079258919,3
343.jpg,-3.742410183,-4.515349388,8.642083168,3
344.jpg,-4.060452938,-6.298674583,11.61916161,3
345.jpg,-3.145686626,-3.6909585,7.749289989,3
346.jpg,-3.305243492,-5.50689888,9.464303017,3
347.jpg,-3.988431692,-5.253899097,9.972896576,3
348.jpg,-2.535212517,-6.174262524,9.426869392,3
349.jpg,-4.763681889,-3.128196716,8.350056648,3
350.jpg,-4.433375835,-6.740385532,12.04960251,3
351.jpg,-3.891874075,-5.260625362,9.83991909,3
352.jpg,-5.30028677,-3.464805126,9.487098694,3
353.jpg,-4.162158966,-3.608062267,8.311236382,3
354.jpg,-4.456707001,-4.872187614,9.954585075,3
355.jpg,-4.879661083,-5.658819199,11.72052956,3
356.jpg,-5.006770611,-6.686306953,12.81076908,3
357.jpg,-3.548329353,-6.160584927,9.660645485,3
358.jpg,-2.80975914,-4.673807621,9.187106133,3
359.jpg,-4.195143223,-4.332170486,9.291904449,3
360.jpg,-4.818761349,-7.133177757,12.8289957,3
361.jpg,-4.157813549,-3.65826273,8.857777596,3
362.jpg,-4.327519417,-4.535431862,9.476231575,3
363.jpg,-3.722438812,-5.711054802,10.55835533,3
364.jpg,-2.986629725,-4.630864143,8.2215662,3
365.jpg,-4.177331924,-3.756579399,8.718315125,3
366.jpg,-3.01081562,-4.561400414,8.118157387,3
367.jpg,-4.41097784,-6.810708046,12.03295994,3
368.jpg,-4.608905315,-5.585006714,10.94290066,3
369.jpg,-3.222501993,-5.077209949,10.06831932,3
370.jpg,-5.205204487,-3.55731082,9.412535667,3
371.jpg,-2.712898254,-4.548283577,7.933349609,3
372.jpg,-3.39651227,-6.218346119,9.536135674,3
373.jpg,-5.29890728,-6.157095909,12.38387108,3
374.jpg,-3.669619799,-5.670791149,10.47937679,3
375.jpg,-3.233325481,-4.034604073,8.205150604,3
376.jpg,-3.524140835,-5.608394146,9.903386116,3
377.jpg,-3.42518425,-4.998563766,9.394472122,3
378.jpg,-5.32568121,-6.427660942,12.47306919,3
379.jpg,-4.4368186,-3.902086973,8.846722603,3
380.jpg,-2.897340775,-6.723190308,10.31032372,3
381.jpg,-3.178428888,-5.09681654,9.179312706,3
382.jpg,-2.724558115,-4.202444077,7.831165791,3
383.jpg,-2.837513924,-4.594140053,7.979674816,3
384.jpg,-4.697071075,-4.646821976,10.08362675,3
385.jpg,-3.797616959,-4.430959702,9.120383263,3
386.jpg,-2.565686226,-4.874396324,9.044890404,3
387.jpg,-4.427508831,-3.692895889,8.240936279,3
388.jpg,-7.025513649,-3.235374212,10.84092999,3
389.jpg,-4.798058033,-3.92620182,9.553809166,3
390.jpg,-5.43524456,-5.952023029,12.41029835,3
391.jpg,-3.315716267,-7.799782753,12.08337498,3
392.jpg,-4.979047298,-5.254131317,11.10294914,3
393.jpg,-4.32734251,-3.679581165,9.090506554,3
394.jpg,-5.527349472,-4.820789814,11.44856358,3
395.jpg,-3.581021309,-3.252450705,7.888318062,3
396.jpg,-2.893340111,-6.512783051,10.03711414,3
397.jpg,-3.953537941,-5.854764938,10.68430138,3
398.jpg,-3.56079936,-3.964071274,7.894787788,3
399.jpg,-3.323621988,-5.834533691,10.88555717,3
400.jpg,-3.429457664,-3.283610582,7.601299763,3
401.jpg,-3.715443611,-4.411084175,8.47055912,3
402.jpg,-4.601595402,-4.236850262,9.831461906,3
403.jpg,-4.850071907,-3.736838818,9.254937172,3
404.jpg,-3.960458755,-3.658245564,7.992012024,3
405.jpg,-3.989475012,-5.510388374,10.23691845,3
406.jpg,-3.597697496,-3.344398022,8.029259682,3
407.jpg,-4.235505104,-4.425656796,9.427266121,3
408.jpg,-4.360796928,-3.571828127,8.648850441,3
409.jpg,-3.426920176,-3.048412323,7.338132381,3
410.jpg,-2.833318472,-6.437221527,9.885733604,3
411.jpg,-3.420879364,-5.982842445,11.13928509,3
412.jpg,-5.951677322,-3.589351177,10.56191635,3
413.jpg,-4.46074152,-3.818611622,8.726230621,3
414.jpg,-3.499679565,-4.311232567,8.569153786,3
415.jpg,-4.45053196,-3.841736555,9.320285797,3
416.jpg,-5.572344303,-4.803263187,10.85933781,3
417.jpg,-2.765342712,-6.585394859,10.0070734,3
418.jpg,-2.709808826,-4.835134983,8.30416584,3
419.jpg,-4.686121941,-3.729885101,9.014550209,3
420.jpg,-4.319664001,-3.430132866,9.160391808,3
421.jpg,-3.732738495,-5.070297241,11.2144289,3
422.jpg,-2.139831305,-6.823345184,10.16922665,3
423.jpg,-3.573642969,-3.689481974,7.980689526,3
424.jpg,-2.999790668,-4.368733883,8.162864685,3
425.jpg,-3.547890663,-2.980520725,7.021471977,3
426.jpg,-5.206052303,-5.012734413,11.23468113,3
427.jpg,-6.038434505,-2.795258999,9.611151695,3
428.jpg,-2.37222743,-7.913932323,12.50985622,3
429.jpg,-3.301243305,-6.025063515,10.17161846,3
430.jpg,-3.480201006,-3.434905052,7.774769306,3
431.jpg,-4.771060467,-3.952754259,9.409506798,3
432.jpg,-4.873734951,-4.770420074,10.72655201,3
433.jpg,-3.682081223,-3.521814823,7.869681835,3
434.jpg,-1.95788002,-8.853719711,11.4838419,3
435.jpg,-4.295204639,-4.467073441,9.999653816,3
436.jpg,-3.724905014,-5.29091835,11.43662357,3
437.jpg,-4.212219238,-4.78508091,9.618117332,3
438.jpg,-5.361297131,-2.973100424,8.671568871,3
439.jpg,-5.160836697,-4.297477722,10.66518307,3
440.jpg,-3.726462841,-5.37370491,9.751309395,3
441.jpg,-3.523255348,-5.581927776,9.950066566,3
442.jpg,-4.652192593,-3.755538464,9.171912193,3
443.jpg,-3.010070801,-3.99220705,8.624699593,3
444.jpg,-3.269006252,-3.698328972,8.012744904,3
445.jpg,-4.333408833,-3.307835102,8.397304535,3
446.jpg,-3.904589176,-4.589141846,9.567254066,3
447.jpg,-5.60785532,-6.26047039,13.11696625,3
448.jpg,-5.171046734,-5.119034767,11.28923988,3
449.jpg,-3.043464661,-4.819834709,8.95043087,3
450.jpg,-2.81609416,-3.843269348,8.518182755,3
451.jpg,-3.346992016,-4.841966629,10.42156029,3
452.jpg,-5.296945095,-4.342020988,10.27587128,3
453.jpg,-3.017421246,-4.086455822,7.904462814,3
454.jpg,-4.495417595,-6.708037376,12.09540462,3
455.jpg,-3.315986872,-4.571129322,8.816615105,3
456.jpg,-5.261525631,-3.663007736,9.722167015,3
457.jpg,-3.277373314,-4.286910534,8.524655342,3
458.jpg,-3.201419592,-3.853780985,8.004622459,3
459.jpg,-2.155959606,-8.727194786,11.43492889,3
460.jpg,-3.94631958,-3.310940504,8.354063988,3
461.jpg,-2.868446827,-8.05572319,11.65727901,3
462.jpg,-4.830834389,-6.056349754,12.08882999,3
463.jpg,-4.147089481,-4.262598038,9.371890068,3
464.jpg,-3.486930847,-4.976419926,9.387042999,3
465.jpg,-5.005019665,-4.917635918,10.86388397,3
466.jpg,-4.680310249,-5.005173683,10.42350197,3
467.jpg,-4.323786736,-5.10616684,10.29699707,3
468.jpg,-3.192773104,-4.258832455,8.246817589,3
469.jpg,-3.446403503,-4.478085041,8.511909485,3
470.jpg,-3.841094971,-5.556287766,10.26915646,3
471.jpg,-3.725888014,-4.137628555,8.798499107,3
472.jpg,-3.033999443,-5.264757633,9.200331688,3
473.jpg,-3.599013805,-3.692537785,9.470142365,3
474.jpg,-3.199694633,-6.379657269,9.815943718,3
475.jpg,-3.907721519,-4.33078146,9.146240234,3
476.jpg,-4.818244457,-4.822228432,10.37109566,3
477.jpg,-4.208351135,-5.824123383,10.13257313,3
478.jpg,-2.763721943,-4.739341736,8.568110466,3
479.jpg,-3.973801136,-6.266028404,11.43776321,3
480.jpg,-3.01409626,-4.346544743,8.271006584,3
481.jpg,-3.087977886,-4.564014435,8.572099686,3
482.jpg,-2.176387548,-7.581114769,10.38508129,3
483.jpg,-3.171172857,-3.224928141,8.303382874,3
484.jpg,-4.031903744,-3.752378941,8.241718292,3
485.jpg,-4.437658787,-5.35587883,10.60787678,3
486.jpg,-3.124242783,-4.242329597,8.278037071,3
487.jpg,-5.276279449,-3.622880697,9.7062397,3
488.jpg,-1.990816355,-7.157962322,9.488171577,3
489.jpg,-3.734502792,-4.070837021,8.545707703,3
490.jpg,-3.084168434,-6.787956238,10.96632481,3
491.jpg,-3.432938814,-5.693471432,9.881202698,3
492.jpg,-5.689059258,-3.322438002,9.606758118,3
493.jpg,-3.524850845,-5.554510117,10.58882332,3
494.jpg,-3.918397665,-3.450147152,8.303002357,3
495.jpg,-4.044752598,-6.46280241,11.75139523,3
496.jpg,-4.825456142,-6.842003822,12.59236813,3
497.jpg,-3.88903451,-5.7442379,9.686547279,3
498.jpg,-3.571294069,-5.403795242,9.908021927,3
499.jpg,-4.698991299,-6.2417593,11.74805069,3
500.jpg,-5.34944725,-4.436028481,10.56991673,3
501.jpg,-4.742880344,-3.405552387,9.204676628,3
502.jpg,-4.661794186,-5.38079834,10.82179356,3
503.jpg,-3.646986485,-5.279663086,9.849092484,3
504.jpg,-5.488489151,-4.186704636,10.38007832,3
505.jpg,-3.717671156,-6.901656628,11.7334137,3
506.jpg,-4.140702248,-5.702260971,11.40405369,3
507.jpg,-5.148509502,-6.558350563,12.7104826,3
508.jpg,-4.679349899,-3.542568922,8.930100441,3
509.jpg,-4.738847733,-2.848871469,8.276004791,3
510.jpg,-3.155867577,-5.803518295,9.434910774,3
511.jpg,-3.717667818,-4.020586014,8.620656013,3
512.jpg,-4.493941784,-3.2982409,8.512343407,3
513.jpg,-6.066482544,-4.285887718,11.30113125,3
514.jpg,-5.061715603,-3.036397457,8.965461731,3
515.jpg,-3.8239851,-5.605093956,10.38934708,3
516.jpg,-3.710228443,-4.15383625,9.989927292,3
517.jpg,-3.803806543,-4.64027071,9.15172863,3
518.jpg,-2.227133036,-5.852178574,8.779128075,3
519.jpg,-3.681897163,-5.031079292,9.648346901,3
520.jpg,-2.485704899,-7.073295116,10.31229496,3
521.jpg,-3.832325935,-3.833753109,8.553941727,3
522.jpg,-3.783195019,-3.504638672,8.160642624,3
523.jpg,-4.357582569,-4.056474209,9.066197395,3
524.jpg,-4.629849911,-3.973226547,9.275432587,3
525.jpg,-3.957973957,-4.425569534,8.912937164,3
526.jpg,-2.66196537,-4.257306576,7.818767548,3
527.jpg,-3.65562439,-3.767062187,7.633956909,3
528.jpg,-5.733296394,-4.29734993,10.82763863,3
529.jpg,-2.750589848,-5.197802544,8.35025692,3
530.jpg,-4.748883247,-4.454016685,10.19397163,3
531.jpg,-4.644009113,-6.871718407,12.42877293,3
532.jpg,-5.380033493,-5.757185936,11.60006905,3
533.jpg,-3.336746693,-3.800656796,7.911964893,3
534.jpg,-4.875337124,-6.246303558,11.92042542,3
535.jpg,-3.297077179,-3.220494747,7.597046375,3
536.jpg,-3.779446363,-4.375167847,9.205601692,3
537.jpg,-2.754576445,-3.559434414,8.102591515,3
538.jpg,-5.983838558,-5.951058865,13.07604313,3
539.jpg,-4.173064709,-6.030873299,11.95136166,3
540.jpg,-3.77312398,-3.991560936,8.660283089,3
541.jpg,-2.738089323,-6.145693302,9.574256897,3
542.jpg,-5.972916126,-3.734353542,10.70379734,3
543.jpg,-2.675085545,-5.10238409,8.429404259,3
544.jpg,-4.357010841,-4.421910763,10.03147411,3
545.jpg,-2.738726377,-4.526614189,8.147307396,3
546.jpg,-5.424427509,-5.660528183,11.54434872,3
547.jpg,-2.606579542,-5.60011673,8.98319912,3
548.jpg,-3.741179228,-5.22450304,11.37775993,3
549.jpg,-2.770840645,-6.275187492,9.656126976,3
550.jpg,-4.214361191,-3.499100924,8.670802116,3
551.jpg,-5.916822433,-3.190208197,10.31325245,3
552.jpg,-5.046861172,-3.726928473,9.63876152,3
553.jpg,-3.367719173,-4.495253086,8.843724251,3
554.jpg,-3.418471813,-5.916771889,9.74651432,3
555.jpg,-3.101536274,-4.087576866,8.509502411,3
556.jpg,-3.706953049,-5.636462212,10.20960522,3
557.jpg,-5.138667107,-4.254712582,10.5943327,3
558.jpg,-4.794876575,-3.410412073,8.982327461,3
559.jpg,-2.590390444,-4.871089458,9.027945518,3
560.jpg,-3.96538496,-3.758611202,8.587566376,3
561.jpg,-3.379327774,-6.51144743,10.59440517,3
562.jpg,-5.613361835,-3.983042717,10.96555424,3
563.jpg,-3.02626133,-5.42963171,8.971986771,3
564.jpg,-3.656392097,-4.902959824,9.475230217,3
565.jpg,-5.106726646,-6.06907177,12.21116066,3
566.jpg,-2.463612556,-6.140354156,9.360582352,3
567.jpg,-3.909670591,-5.166874409,10.03239059,3
568.jpg,-6.870559692,-3.752519608,11.63948917,3
569.jpg,-5.177010059,-3.638852835,9.471643448,3
570.jpg,-2.588750362,-4.09761095,7.797460079,3
571.jpg,-3.340351343,-4.240455627,8.515632629,3
572.jpg,-3.452744484,-5.277945042,10.10243607,3
573.jpg,-5.472978115,-5.723545074,12.21245289,3
574.jpg,-3.477103949,-4.741770267,9.024578094,3
575.jpg,-3.374462128,-4.475339413,8.781538963,3
576.jpg,-5.936700344,-4.765688419,11.9638319,3
577.jpg,-3.578224182,-4.913850307,9.415362358,3
578.jpg,-4.229976654,-6.585937023,11.7381525,3
579.jpg,-3.11947155,-4.610589504,8.280816078,3
580.jpg,-5.364381313,-3.766393661,9.876936913,3
581.jpg,-3.466089249,-4.508942604,8.711016655,3
582.jpg,-3.839300394,-5.501266479,10.68066692,3
583.jpg,-2.440420866,-6.247036457,9.404259682,3
584.jpg,-4.36534071,-6.615708828,11.92713451,3
585.jpg,-3.489840508,-5.23060751,9.637734413,3
586.jpg,-2.296214819,-5.368862152,8.752346992,3
587.jpg,-3.291918278,-5.492889881,9.320591927,3
588.jpg,-2.76368928,-4.449627876,8.39030838,3
589.jpg,-4.674176216,-5.155704021,11.01550007,3
590.jpg,-4.51014328,-6.702382088,12.05907059,3
591.jpg,-2.268329382,-8.202899933,11.06621265,3
592.jpg,-2.188494444,-7.004441261,10.45237064,3
593.jpg,-6.144450665,-3.7905159,10.89324665,3
594.jpg,-3.931145191,-5.95285368,10.6131773,3
595.jpg,-4.020357609,7.313000679,-4.042591095,2
596.jpg,-4.270850182,7.653897762,-4.470769882,2
597.jpg,-3.59279418,6.860616684,-3.89713192,2
598.jpg,-4.220443726,6.950634956,-3.982139826,2
599.jpg,-3.210215092,8.364020348,-4.970643044,2
600.jpg,-4.802463055,7.219128609,-3.73452878,2
601.jpg,-4.208666801,6.732076645,-3.446190834,2
602.jpg,-5.550038815,8.037714958,-3.576505661,2
603.jpg,-3.492990017,6.943003654,-3.953436136,2
604.jpg,-3.67812705,7.154583931,-5.137337685,2
605.jpg,-4.751829624,7.687761307,-4.231627464,2
606.jpg,-3.931093216,7.639589787,-4.393619537,2
607.jpg,-4.606793404,6.789380074,-2.900767326,2
608.jpg,-5.914001465,8.059592247,-3.276889801,2
609.jpg,-5.679439068,7.596195698,-3.365530014,2
610.jpg,-5.237522602,8.345171928,-3.385455608,2
611.jpg,-3.299569607,7.25411129,-4.470422268,2
612.jpg,-5.260107517,8.891627312,-4.672300339,2
613.jpg,-3.684164047,6.24559927,-3.533352375,2
614.jpg,-5.289169788,8.421884537,-3.404242516,2
615.jpg,-3.526125193,6.968948364,-4.287538528,2
616.jpg,-4.356060505,7.623599052,-4.140004158,2
617.jpg,-4.083238125,7.138072968,-4.28994751,2
618.jpg,-4.727735996,7.64151144,-3.784359694,2
619.jpg,-4.035116673,6.863179684,-4.081694603,2
620.jpg,-3.900232553,7.399767399,-4.43020916,2
621.jpg,-4.762029171,7.3380723,-3.93087697,2
622.jpg,-3.612032413,7.107131004,-5.150845051,2
623.jpg,-4.331396103,7.958965778,-5.155788898,2
624.jpg,-5.37686491,7.792574883,-2.458691597,2
625.jpg,-4.466969967,8.549692154,-4.783669472,2
626.jpg,-3.81899786,8.832137108,-5.848202705,2
627.jpg,-4.452773571,7.258048058,-4.158433437,2
628.jpg,-4.871386051,9.202795029,-5.195528984,2
629.jpg,-3.440613508,6.733633041,-4.357583046,2
630.jpg,-3.931126356,6.552410126,-3.548122644,2
631.jpg,-5.354988575,8.090233803,-2.733222008,2
632.jpg,-4.465842724,7.876945019,-4.060117245,2
633.jpg,-3.511740923,6.303023815,-3.627732277,2
634.jpg,-5.021992207,8.509880066,-5.015900612,2
635.jpg,-3.491729736,7.0093894,-4.391558647,2
636.jpg,-4.539102077,7.908695221,-4.02657795,2
637.jpg,-3.358579636,8.40909481,-4.885451317,2
638.jpg,-4.649204731,6.967458725,-3.39943862,2
639.jpg,-4.702554226,7.13943243,-3.230539083,2
640.jpg,-4.740006924,7.660827637,-4.207419395,2
641.jpg,-4.480140686,7.202615738,-4.051158905,2
642.jpg,-4.608489037,7.454740047,-4.166732788,2
643.jpg,-4.45979023,7.992226601,-4.434961796,2
644.jpg,-5.034662724,7.579135895,-3.978446484,2
645.jpg,-4.984864712,7.43461895,-3.664075136,2
646.jpg,-4.280699253,8.347370148,-5.86080265,2
647.jpg,-3.970911503,8.215587616,-4.087861061,2
648.jpg,-3.504326344,8.27124691,-5.267157078,2
649.jpg,-5.61477232,7.444417,-3.197525024,2
650.jpg,-4.50617075,8.097705841,-4.548473358,2
651.jpg,-4.064555645,7.308432579,-5.086462975,2
652.jpg,-4.43051815,7.16082859,-3.692131519,2
653.jpg,-3.509328365,7.790517807,-4.904232979,2
654.jpg,-6.339250088,10.11432743,-5.392348289,2
655.jpg,-4.877405643,7.642357349,-3.240129948,2
656.jpg,-4.764744282,8.037532806,-3.949258566,2
657.jpg,-5.381449699,8.998740196,-4.787445068,2
658.jpg,-4.791491508,7.426788807,-2.944941998,2
659.jpg,-4.788638592,9.261951447,-5.572175026,2
660.jpg,-4.292302608,8.437516212,-5.37844038,2
661.jpg,-5.288053036,8.049660683,-3.152510166,2
662.jpg,-4.473715782,7.637191296,-3.727107525,2
663.jpg,-3.497764826,7.323085785,-4.492403984,2
664.jpg,-5.770027637,7.810815811,-2.823124409,2
665.jpg,-5.497959614,8.193727493,-3.61368084,2
666.jpg,-4.208886623,8.100075722,-4.945884228,2
667.jpg,-5.263213634,8.364398956,-3.383934975,2
668.jpg,-5.01132679,7.429695129,-3.688684225,2
669.jpg,-4.300086975,8.812706947,-6.342512608,2
670.jpg,-4.705714703,6.6597929,-2.666664124,2
671.jpg,-3.633197069,7.057601929,-3.872460365,2
672.jpg,-4.512157917,7.510007381,-4.378165722,2
673.jpg,-3.52607584,7.052314758,-4.755700111,2
674.jpg,-3.110907555,6.861991882,-5.343689919,2
675.jpg,-3.611671686,6.50747776,-3.741852999,2
676.jpg,-4.783751011,6.953339577,-3.049325943,2
677.jpg,-3.756873608,7.159340382,-4.181765556,2
678.jpg,-3.475741386,7.3486166,-4.658056259,2
679.jpg,-4.562470913,8.177372932,-4.579092503,2
680.jpg,-3.393918037,6.674622536,-4.307911873,2
681.jpg,-5.038069725,8.523572922,-4.245693207,2
682.jpg,-4.829590321,9.049656868,-5.702417374,2
683.jpg,-4.273165226,7.52524662,-3.758196592,2
684.jpg,-4.672500134,7.011366367,-3.306455135,2
685.jpg,-3.549364567,7.022295952,-4.136874199,2
686.jpg,-4.179759026,7.618086815,-4.195857525,2
687.jpg,-5.491678238,8.0915308,-3.048342228,2
688.jpg,-5.556666851,8.604351997,-3.366247654,2
689.jpg,-3.547984123,8.721230507,-5.039266109,2
690.jpg,-3.672673225,6.931073189,-4.026626587,2
691.jpg,-3.770704985,7.013107777,-4.00711441,2
692.jpg,-4.050450802,7.316141605,-3.673112631,2
693.jpg,-3.570214987,6.801346779,-3.904508352,2
694.jpg,-4.175565243,6.725153923,-3.127467632,2
695.jpg,-4.162296772,6.737240791,-3.647239923,2
696.jpg,-4.998812675,8.648083687,-4.628637314,2
697.jpg,-2.942023754,7.561717033,-5.278261185,2
698.jpg,-4.965435505,7.778636456,-3.345456362,2
699.jpg,-4.76388073,7.646099091,-3.620557547,2
700.jpg,-5.026921749,8.584889412,-4.070643425,2
701.jpg,-3.869696617,6.370363235,-3.533943176,2
702.jpg,-4.044234276,7.76070118,-5.324415207,2
703.jpg,-4.27932024,7.215743065,-4.281358242,2
704.jpg,-4.692003727,8.167430878,-3.571438789,2
705.jpg,-5.047489643,7.796113968,-4.038680077,2
706.jpg,-5.144589424,7.273908138,-3.668515682,2
707.jpg,-3.973748922,6.346795559,-3.396492958,2
708.jpg,-5.632829666,7.457221031,-3.347945213,2
709.jpg,-4.630290508,7.515360832,-3.611375809,2
710.jpg,-3.626340389,6.740715981,-4.110963821,2
711.jpg,-4.798990726,8.478186607,-4.778863907,2
712.jpg,-4.548489094,8.927731514,-4.323658466,2
713.jpg,-4.088573933,6.960039616,-4.171505928,2
714.jpg,-4.212053299,7.091859818,-3.849377632,2
715.jpg,-3.0133214,7.385957241,-5.235362053,2
716.jpg,-3.836072445,7.278660297,-4.537744045,2
717.jpg,-3.786209583,6.831030846,-3.276181698,2
718.jpg,-3.912189007,6.764238358,-3.677592039,2
719.jpg,-4.947129726,7.666722775,-3.752191544,2
720.jpg,-5.025145054,8.095538139,-4.474029064,2
721.jpg,-3.551508904,6.883817673,-4.412176132,2
722.jpg,-5.004218102,8.825186729,-4.782161236,2
723.jpg,-4.06716156,7.698051453,-3.727395535,2
724.jpg,-5.190101147,7.31141758,-3.668362856,2
725.jpg,-5.791390419,8.700449944,-4.62850666,2
726.jpg,-3.394580603,7.194720268,-4.672798157,2
727.jpg,-4.996387005,8.494632721,-5.02928257,2
728.jpg,-4.941983223,6.839756012,-2.906421661,2
729.jpg,-5.117311954,7.468462467,-3.091434956,2
730.jpg,-4.343560219,7.341788292,-3.397764444,2
731.jpg,-3.909563541,7.152224541,-4.515104771,2
732.jpg,-3.46868968,6.862266541,-4.239454269,2
733.jpg,-3.49805069,7.010331154,-4.498632431,2
734.jpg,-3.823000431,6.707134247,-3.861897469,2
735.jpg,-3.181178331,6.314817905,-4.166566372,2
736.jpg,-4.15014267,7.354192734,-4.41858387,2
737.jpg,-4.058349133,8.277989388,-4.083933353,2
738.jpg,-3.166319847,6.583853722,-3.830307007,2
739.jpg,-3.41851902,8.130184174,-5.201751232,2
740.jpg,-4.59408474,7.444645405,-3.188990116,2
741.jpg,-5.182591438,8.755105019,-5.185581207,2
742.jpg,-3.508987665,7.79348135,-4.890822887,2
743.jpg,-3.571389198,8.427798271,-4.894160271,2
744.jpg,-4.157049656,7.38493824,-4.474825859,2
745.jpg,-5.905516148,8.253400803,-3.189441681,2
746.jpg,-4.75916338,8.397066116,-4.743019581,2
747.jpg,-4.680903912,7.188955307,-3.418616295,2
748.jpg,-3.272398949,6.471604824,-4.282612324,2
749.jpg,-4.066009998,7.112299919,-4.35210228,2
750.jpg,-3.733769894,6.633628845,-3.870984316,2
751.jpg,-3.899622202,6.595287323,-3.545604229,2
752.jpg,-5.912265301,7.752871513,-3.163133621,2
753.jpg,-6.535389423,7.672006607,-2.340285063,2
754.jpg,-4.092525005,7.600289345,-4.464917183,2
755.jpg,-4.509441853,7.624539375,-4.48666954,2
756.jpg,-3.982666016,7.61536932,-4.382125378,2
757.jpg,-3.701992512,8.71535778,-5.82197094,2
758.jpg,-4.542874813,8.593577385,-4.759563446,2
759.jpg,-3.484105587,6.996278763,-4.275262833,2
760.jpg,-5.12932539,7.149729729,-2.956166983,2
761.jpg,-5.308530331,8.815581322,-4.891544342,2
762.jpg,-4.559090137,7.385586739,-2.837095261,2
763.jpg,-4.327463627,7.461169243,-3.852511406,2
764.jpg,-4.619056225,6.944690704,-3.396946907,2
765.jpg,-4.108187199,7.083916187,-3.790503502,2
766.jpg,-5.125100613,9.056418419,-5.282471657,2
767.jpg,-4.011325359,7.017504692,-3.895778179,2
768.jpg,-3.390421867,7.351042747,-4.972026825,2
769.jpg,-3.571569443,6.884836197,-4.424161434,2
770.jpg,-5.033984661,7.4629879,-3.646610022,2
771.jpg,-5.682557583,7.223490238,-2.543517113,2
772.jpg,-3.574642181,7.160495758,-4.452397346,2
773.jpg,-3.762239456,8.12604332,-5.463772774,2
774.jpg,-3.883480549,6.785818577,-3.427619219,2
775.jpg,-3.40388155,6.942420006,-4.341663837,2
776.jpg,-3.285834312,7.115445137,-4.868607521,2
777.jpg,-5.639111042,7.535302162,-3.336153507,2
778.jpg,-4.026267529,7.184431553,-4.119258404,2
779.jpg,-4.594221592,7.410786629,-3.984960318,2
780.jpg,-3.330077887,7.252727032,-4.912261963,2
781.jpg,-5.210927486,7.408452034,-3.489860535,2
782.jpg,-4.332939625,7.396097183,-4.288932323,2
783.jpg,-3.737254381,7.272557259,-4.740221024,2
784.jpg,-3.893293142,7.737709522,-5.131421089,2
785.jpg,-4.248942375,8.333065033,-4.508916378,2
786.jpg,-4.962164402,7.639185905,-3.717521667,2
787.jpg,-3.375130177,6.681802273,-4.290121555,2
788.jpg,-4.206580162,7.284002781,-3.776473045,2
789.jpg,-4.103155136,7.492327213,-4.492613792,2
790.jpg,-4.398979187,7.854505539,-5.048291683,2
791.jpg,-4.437215328,7.108186245,-3.318047047,2
792.jpg,-4.749685764,7.331826687,-2.638817549,2
793.jpg,-5.129926205,7.40996933,-2.880363703,2
794.jpg,-4.507930279,7.583165646,-4.092102051,2
795.jpg,-5.180280209,8.786478996,-4.648849487,2
796.jpg,-4.237827778,8.929463387,-5.50866127,2
797.jpg,-3.863765001,7.498475075,-4.454670906,2
798.jpg,-3.324430704,6.354283333,-4.139937401,2
799.jpg,-3.921239614,7.462918282,-4.518265724,2
800.jpg,-3.51055932,6.656816959,-3.142080069,2
801.jpg,-4.988610744,8.872992516,-4.873703003,2
802.jpg,-3.656975746,7.714795113,-4.522276878,2
803.jpg,-5.030148983,9.063373566,-4.940654278,2
804.jpg,-4.244448185,8.131514549,-4.348442078,2
805.jpg,-3.744427204,6.995302677,-4.552700996,2
806.jpg,-5.495817184,7.706167221,-3.723051786,2
807.jpg,-4.164124012,6.876170158,-3.945596695,2
808.jpg,-3.693284273,6.752028465,-3.975479364,2
809.jpg,-4.427470684,7.168464661,-3.70256424,2
810.jpg,-3.919267178,7.98422575,-4.667005539,2
811.jpg,-4.92522192,7.595600605,-4.09537077,2
812.jpg,-4.057281017,7.110286713,-4.369147301,2
813.jpg,-5.476260185,8.352419853,-4.296908379,2
814.jpg,-5.466538429,7.643034935,-3.66969347,2
815.jpg,-3.854425192,7.875860691,-4.631938934,2
816.jpg,-4.074390888,7.277732849,-4.04389143,2
817.jpg,-2.824650764,7.15565443,-4.767728806,2
818.jpg,-4.485397816,7.824048042,-4.781044006,2
819.jpg,-4.627749443,7.544803619,-3.522452354,2
820.jpg,-3.975701809,8.017396927,-3.966270447,2
821.jpg,-3.781407833,8.444367409,-4.608387947,2
822.jpg,-4.556050301,8.703227043,-4.763994217,2
823.jpg,-4.02760458,6.896279335,-3.673826456,2
824.jpg,-4.862649441,7.543218136,-4.102365971,2
825.jpg,-5.299817562,9.30136776,-4.521037102,2
826.jpg,-4.518241405,7.284814835,-4.096697807,2
827.jpg,-3.415111542,7.343515396,-3.973425627,2
828.jpg,-5.766187191,9.728020668,-5.076960564,2
829.jpg,-4.212454796,7.685328484,-4.873894691,2
830.jpg,-5.007380009,7.925803661,-4.120116234,2
831.jpg,-3.949899197,7.505808353,-3.526408672,2
832.jpg,-5.640053749,7.209460258,-2.763696909,2
833.jpg,-4.436914444,7.005630016,-3.693614483,2
834.jpg,-4.883840084,7.31069088,-3.511909246,2
835.jpg,-3.782022238,6.613511086,-3.857500076,2
836.jpg,-5.541790485,7.109253883,-2.876287937,2
837.jpg,-5.507326126,7.577499866,-3.148847103,2
838.jpg,-5.43677187,8.724894524,-4.503633022,2
839.jpg,-5.538494587,7.287778854,-2.639136791,2
840.jpg,-5.149042606,7.667221069,-3.397796154,2
841.jpg,-3.496366501,8.307749748,-5.522575855,2
842.jpg,-4.258572102,7.745931625,-4.808012486,2
843.jpg,-4.146393299,6.895629883,-3.988042355,2
844.jpg,-3.212500811,7.679868698,-5.156175613,2
845.jpg,-5.656181812,7.737995148,-3.236269474,2
846.jpg,-4.155584335,7.316680431,-3.565161705,2
847.jpg,-4.456071377,7.884886742,-4.840756893,2
848.jpg,-5.440449715,8.088341713,-2.88577652,2
849.jpg,-4.697154999,7.230002403,-3.360283375,2
850.jpg,-4.282124996,7.510731697,-4.367793083,2
851.jpg,-3.689433813,7.356523991,-5.06533432,2
852.jpg,-4.170532703,6.898352623,-3.305175304,2
853.jpg,-4.028194904,7.406906128,-3.513028622,2
854.jpg,-5.365595341,8.880232811,-4.491471291,2
855.jpg,-3.726711035,7.634244442,-3.918704987,2
856.jpg,-4.525378227,8.860384941,-4.872585297,2
857.jpg,-4.08272028,6.550352573,-3.434150696,2
858.jpg,-5.564617634,8.537899971,-3.525639534,2
859.jpg,-4.131752491,7.56583786,-4.494866848,2
860.jpg,-4.305173397,7.202290535,-4.34853363,2
861.jpg,-4.412172794,7.148908615,-4.008743286,2
862.jpg,-4.501018524,7.195415497,-4.104539871,2
863.jpg,-3.959021091,7.670319557,-4.598985195,2
864.jpg,-3.583642244,6.847956657,-3.852097034,2
865.jpg,-6.607755661,8.248761177,-3.149903059,2
866.jpg,-4.340734005,7.385077477,-3.84336853,2
867.jpg,-4.068279266,7.128359795,-4.305025101,2
868.jpg,-5.369313717,7.337112427,-3.339612484,2
869.jpg,-4.365590572,7.526438236,-4.173547745,2
870.jpg,-3.788443565,6.321430683,-3.652014494,2
871.jpg,-4.756646633,8.194622993,-4.088031769,2
872.jpg,-3.211917639,6.529359341,-3.680118561,2
873.jpg,-2.594075441,6.899008751,-4.570888519,2
874.jpg,-5.070403576,8.318080902,-4.765833855,2
875.jpg,-3.375006437,7.584953308,-4.854470253,2
876.jpg,-3.268383503,6.979506493,-4.842447758,2
877.jpg,-4.817679882,7.659097672,-4.311842918,2
878.jpg,-4.602500439,8.944516182,-4.867424011,2
879.jpg,-4.984333992,7.026974678,-2.58830905,2
880.jpg,-4.943356037,7.122473717,-3.052345037,2
881.jpg,-3.991952181,8.251162529,-4.929614067,2
882.jpg,-4.522745609,8.392049789,-4.528248787,2
883.jpg,-3.588769913,6.88117075,-4.228198528,2
884.jpg,-3.280641794,6.89867115,-4.450516701,2
885.jpg,-3.554712057,7.032143116,-3.862640619,2
886.jpg,-4.650666714,8.685620308,-4.939414978,2
887.jpg,-4.438867092,7.361871243,-4.281965256,2
888.jpg,-5.222575665,7.691606998,-3.823359728,2
889.jpg,-4.862589359,9.402125359,-5.043579102,2
890.jpg,-3.041090012,6.854421139,-4.432704449,2
891.jpg,-3.429364204,7.132637501,-4.541654587,2
892.jpg,-3.513373137,6.994757175,-4.658340454,2
893.jpg,-4.186733246,7.047502041,-3.781849861,2
894.jpg,-3.3976264,6.950510979,-4.814826488,2
895.jpg,-2.884420156,5.954608917,-4.185406685,2
896.jpg,-4.704004765,7.963049412,-3.399082184,2
897.jpg,-4.445709705,8.168289185,-4.921207428,2
898.jpg,-3.406071663,6.578253746,-4.327033043,2
899.jpg,-4.173151493,6.83014822,-3.765660524,2
900.jpg,-3.489742994,7.290070534,-4.615605831,2
901.jpg,-5.042945862,7.379328728,-3.40293932,2
902.jpg,-4.74815321,8.414023399,-4.228388786,2
903.jpg,-3.170693874,7.688821793,-5.547454834,2
904.jpg,-5.095953465,7.359327793,-3.468017817,2
905.jpg,-3.604724884,8.637038231,-5.067782402,2
906.jpg,-3.586026907,7.049301624,-4.246091843,2
907.jpg,-4.190299988,7.814655781,-3.5304811,2
908.jpg,-5.795298576,8.785532951,-4.500422001,2
909.jpg,-4.698941708,7.275741577,-3.530978918,2
910.jpg,-5.091712952,8.043978691,-3.864678621,2
911.jpg,-3.440151215,6.509860039,-3.740873814,2
912.jpg,-4.377531528,6.447458744,-3.371527195,2
913.jpg,-4.332079411,7.214645386,-3.713543892,2
914.jpg,-4.302583218,8.244351387,-4.631976128,2
915.jpg,-5.853829384,8.264842033,-2.68735981,2
916.jpg,-4.203263283,7.640892506,-4.728877068,2
917.jpg,-6.088911533,10.02326012,-5.817954063,2
918.jpg,-6.671561718,9.412158012,-4.778424263,2
919.jpg,-5.34637022,9.009339333,-4.415973663,2
920.jpg,-4.721517086,7.301991463,-3.560694218,2
921.jpg,-4.53677702,7.508598328,-4.080221176,2
922.jpg,-4.705724716,7.22328043,-3.389701366,2
923.jpg,-5.426522732,8.91859436,-5.248803616,2
924.jpg,-5.064786911,7.943538666,-3.492867231,2
925.jpg,-3.748639107,7.456419945,-4.585708618,2
926.jpg,-3.830680847,6.96287632,-4.01339817,2
927.jpg,-2.141439199,7.379957199,-4.906258106,2
928.jpg,-5.157806873,8.580803871,-4.57113409,2
929.jpg,-4.685569763,6.601108551,-3.058987141,2
930.jpg,-5.066740513,8.182089806,-3.955121517,2
931.jpg,-4.568562984,6.899250984,-3.446867466,2
932.jpg,-4.405069828,8.316569328,-4.919951916,2
933.jpg,-5.877370358,10.2386446,-5.234044075,2
934.jpg,-4.641041279,7.221971512,-3.420675993,2
935.jpg,-3.444321632,7.060665607,-3.964543581,2
936.jpg,-5.943795204,8.260611534,-3.901357412,2
937.jpg,-3.804793835,7.76439333,-5.062771797,2
938.jpg,-3.099231243,7.632585526,-4.470870972,2
939.jpg,-4.584787369,8.460137367,-4.610980034,2
940.jpg,-3.355196238,6.335641384,-3.713718414,2
941.jpg,-5.037221432,10.74747181,-6.748078823,2
942.jpg,-3.479334116,8.452707291,-4.997412682,2
943.jpg,-4.578609943,7.012356281,-3.546193123,2
944.jpg,-3.844055891,7.740502357,-4.972786903,2
945.jpg,-4.601235867,8.422467232,-4.551702499,2
946.jpg,-4.85559988,7.67094183,-4.297999382,2
947.jpg,-5.425835133,8.795516014,-4.623849869,2
948.jpg,-5.314975262,7.030102253,-3.217944145,2
949.jpg,-4.414792538,7.423408031,-3.825881958,2
950.jpg,-5.774112225,8.081944466,-3.746474504,2
951.jpg,-4.494472027,7.612805367,-4.445936203,2
952.jpg,-3.660679579,7.049398899,-4.281905174,2
953.jpg,-3.501435041,7.175358772,-4.683235645,2
954.jpg,-5.224396229,9.123669624,-4.763758659,2
955.jpg,-4.50801754,8.912572861,-4.354694366,2
956.jpg,-3.539545774,7.242322445,-4.803024292,2
957.jpg,-5.493732452,7.583918571,-3.169692755,2
958.jpg,-4.303988457,6.633789063,-2.844156742,2
959.jpg,-4.952298641,7.327927113,-3.422562838,2
960.jpg,-3.350939751,6.456820011,-4.01993084,2
961.jpg,-2.416735172,7.735224724,-5.681119442,2
962.jpg,-4.447164059,7.864436626,-4.055257797,2
963.jpg,-5.41552639,8.422279358,-4.37620163,2
964.jpg,-5.091013432,8.979498863,-4.82044363,2
965.jpg,-3.506419659,7.303712845,-4.769738674,2
966.jpg,-5.192852497,8.594258308,-5.096076488,2
967.jpg,-3.46245265,6.648119926,-3.962889194,2
968.jpg,-4.919721127,7.110049248,-3.340768814,2
969.jpg,-4.141214848,7.8065238,-4.795163155,2
970.jpg,-4.015566826,7.285657883,-4.752538204,2
971.jpg,-4.917573452,7.80057621,-4.057778358,2
972.jpg,-3.900178432,7.122371197,-4.020365715,2
973.jpg,-4.796150684,6.854844093,-2.44238472,2
974.jpg,-5.380374432,8.415063858,-4.408252239,2
975.jpg,-3.066811323,7.127349377,-5.329097748,2
976.jpg,-4.046857834,7.345119953,-4.215055943,2
977.jpg,-5.302609444,8.632447243,-5.038047314,2
978.jpg,-6.150183201,9.888705254,-5.995578289,2
979.jpg,-4.600813389,7.162405014,-2.980937481,2
980.jpg,-3.153888702,6.475821018,-3.795039654,2
981.jpg,-4.454912663,8.064358711,-3.528218746,2
982.jpg,-3.759202719,7.166485786,-4.134984016,2
983.jpg,-3.39832449,7.196377277,-4.889735222,2
984.jpg,-3.198297024,8.080830574,-4.916463852,2
985.jpg,-3.979395628,7.882186413,-3.808237553,2
986.jpg,-3.65711689,6.917275429,-4.318864822,2
987.jpg,-5.742034435,7.591229916,-3.271625519,2
988.jpg,-3.736871719,6.741862297,-3.939939022,2
989.jpg,-3.816069603,6.757064819,-3.354600191,2
990.jpg,-5.913487434,8.369203568,-4.36425972,2
991.jpg,-5.640370846,7.201307774,-2.652607679,2
992.jpg,-4.443491936,7.022313118,-3.509486198,2
993.jpg,-6.320978642,7.879927635,-2.319890738,2
994.jpg,-5.084790707,8.35972023,-3.60927248,2
995.jpg,-4.822614193,8.664982796,-4.594217777,2
996.jpg,-3.195733786,6.865912437,-4.313147545,2
997.jpg,-3.995743752,7.055932999,-3.922925472,2
998.jpg,-3.584200621,7.120897293,-3.930666447,2
999.jpg,-3.435945034,7.746854782,-4.389063358,2
1000.jpg,-4.49232626,7.942320824,-3.630316734,2
1001.jpg,-4.211729527,6.799063683,-3.307211161,2
1002.jpg,-4.205326557,7.139783382,-4.278956413,2
1003.jpg,-4.413242817,7.723812103,-4.741065502,2
1004.jpg,-3.730135202,7.072207451,-4.23590374,2
1005.jpg,-3.726060867,6.687519073,-3.605611324,2
1006.jpg,-4.191178322,8.13698101,-5.105268478,2
1007.jpg,-4.377037525,7.337839603,-3.471598148,2
1008.jpg,-3.696866751,8.562088966,-5.389015675,2
1009.jpg,-5.090396404,7.242466927,-3.366067171,2
1010.jpg,-4.761894703,7.538209915,-3.410127878,2
1011.jpg,-3.697990894,6.287908077,-3.524427414,2
1012.jpg,-4.989881992,7.404017448,-3.273910999,2
1013.jpg,-3.145087957,7.927495956,-6.090538025,2
1014.jpg,-5.779028416,7.534614563,-2.711386681,2
1015.jpg,-3.687619686,7.286436081,-4.364962578,2
1016.jpg,-6.257385731,8.786268234,-3.364324331,2
1017.jpg,-4.277059078,7.449986458,-4.071630001,2
1018.jpg,-5.516488552,8.215771675,-3.621975899,2